{
  "results": [
    {
      "command": "/Users/nagaet/freesasa-zig/zig-out/bin/zsasa traj md_data/6sup_A_protein/6sup_A_prod_R1_fit.xtc md_data/6sup_A_protein/6sup_A.pdb --include-hydrogens --threads=8 --precision=f64 --stride=1 --n-points=100 -o /var/folders/jd/5292ykl96gs7wwvtwny4rxdr0000gn/T/zsasa_wrvnf6r8.csv -q",
      "mean": 149.23965580104667,
      "stddev": 0.6215616354431723,
      "median": 148.95875767538,
      "user": 1092.5232998133333,
      "system": 17.47315338,
      "min": 148.80812492638,
      "max": 149.95208480138,
      "times": [
        148.80812492638,
        148.95875767538,
        149.95208480138
      ],
      "memory_usage_byte": [
        339296256,
        339443712,
        339509248
      ],
      "exit_codes": [
        0,
        0,
        0
      ]
    }
  ]
}
