{
  "results": [
    {
      "command": "uv run --script /Users/nagaet/freesasa-zig/benchmarks/scripts/bench_md_runner.py --tool mdsasa_bolt --xtc md_data/6sup_A_protein/6sup_A_prod_R1_fit.xtc --pdb md_data/6sup_A_protein/6sup_A.pdb --n-points 100 --stride 1",
      "mean": 18788.790572730082,
      "stddev": 60.14257737344646,
      "median": 18802.099566396082,
      "user": 3652.1718192466665,
      "system": 8785.625033806667,
      "min": 18723.10826356408,
      "max": 18841.16388823008,
      "times": [
        18841.16388823008,
        18723.10826356408,
        18802.099566396082
      ],
      "memory_usage_byte": [
        23705763840,
        23870193664,
        23870193664
      ],
      "exit_codes": [
        0,
        0,
        0
      ]
    }
  ]
}
