{
  "results": [
    {
      "command": "uv run --script /Users/nagaet/freesasa-zig/benchmarks/scripts/bench_md_runner.py --tool zsasa_mdanalysis --xtc md_data/6sup_A_protein/6sup_A_prod_R1_fit.xtc --pdb md_data/6sup_A_protein/6sup_A.pdb --n-points 100 --stride 1 --threads 8",
      "mean": 152.59077893048,
      "stddev": 0.24377457360654023,
      "median": 152.69805665248,
      "user": 1129.5033640933332,
      "system": 12.738264046666666,
      "min": 152.31176336148,
      "max": 152.76251677748,
      "times": [
        152.76251677748,
        152.69805665248,
        152.31176336148
      ],
      "memory_usage_byte": [
        5634621440,
        5634621440,
        5634621440
      ],
      "exit_codes": [
        0,
        0,
        0
      ]
    }
  ]
}
