{
  "results": [
    {
      "command": "/Users/nagaet/freesasa-zig/zig-out/bin/zsasa traj md_data/6sup_A_protein/6sup_A_prod_R1_fit.xtc md_data/6sup_A_protein/6sup_A.pdb --include-hydrogens --threads=10 --precision=f32 --stride=1 --n-points=100 -o /var/folders/jd/5292ykl96gs7wwvtwny4rxdr0000gn/T/zsasa_jaarak7i.csv -q",
      "mean": 127.87440335017334,
      "stddev": 0.9959758403467565,
      "median": 127.32783532284,
      "user": 1096.8074710333333,
      "system": 18.23528993333333,
      "min": 127.27137953084001,
      "max": 129.02399519684,
      "times": [
        127.27137953084001,
        127.32783532284,
        129.02399519684
      ],
      "memory_usage_byte": [
        413958144,
        413958144,
        414007296
      ],
      "exit_codes": [
        0,
        0,
        0
      ]
    }
  ]
}
