{
  "results": [
    {
      "command": "/Users/nagaet/freesasa-zig/zig-out/bin/zsasa traj md_data/6sup_A_protein/6sup_A_prod_R1_fit.xtc md_data/6sup_A_protein/6sup_A.pdb --include-hydrogens --threads=10 --precision=f64 --stride=1 --n-points=100 -o /var/folders/jd/5292ykl96gs7wwvtwny4rxdr0000gn/T/zsasa_n4juammm.csv -q",
      "mean": 284.66185702236004,
      "stddev": 0.5204684160277359,
      "median": 284.90545088336,
      "user": 1050.1382520933332,
      "system": 18.689009279999997,
      "min": 284.06426192536003,
      "max": 285.01585825836,
      "times": [
        284.06426192536003,
        285.01585825836,
        284.90545088336
      ],
      "memory_usage_byte": [
        34537472,
        34537472,
        34537472
      ],
      "exit_codes": [
        0,
        0,
        0
      ]
    }
  ]
}
