{
  "results": [
    {
      "command": "uv run --script /Users/nagaet/freesasa-zig/benchmarks/scripts/bench_md_runner.py --tool zsasa_mdanalysis --xtc md_data/6sup_A_protein/6sup_A_prod_R1_fit.xtc --pdb md_data/6sup_A_protein/6sup_A.pdb --n-points 100 --stride 1 --threads 1",
      "mean": 805.6906005634933,
      "stddev": 0.9225642924997937,
      "median": 806.15265611916,
      "user": 792.7344855866664,
      "system": 10.172745319999999,
      "min": 804.62830666016,
      "max": 806.29083891116,
      "times": [
        804.62830666016,
        806.29083891116,
        806.15265611916
      ],
      "memory_usage_byte": [
        5570609152,
        5570609152,
        5570609152
      ],
      "exit_codes": [
        0,
        0,
        0
      ]
    }
  ]
}
