{
  "results": [
    {
      "command": "uv run --script /Users/nagaet/freesasa-zig/benchmarks/scripts/bench_md_runner.py --tool zsasa_mdtraj --xtc md_data/6sup_A_protein/6sup_A_prod_R1_fit.xtc --pdb md_data/6sup_A_protein/6sup_A.pdb --n-points 100 --stride 1 --threads 10",
      "mean": 136.08751866130666,
      "stddev": 0.17325388408091064,
      "median": 136.06511432764,
      "user": 1234.3945442000002,
      "system": 13.512674793333332,
      "min": 135.92655682864,
      "max": 136.27088482764,
      "times": [
        136.27088482764,
        136.06511432764,
        135.92655682864
      ],
      "memory_usage_byte": [
        10925637632,
        10931060736,
        10932633600
      ],
      "exit_codes": [
        0,
        0,
        0
      ]
    }
  ]
}
