{
  "results": [
    {
      "command": "/Users/nagaet/freesasa-zig/zig-out/bin/zsasa traj md_data/6sup_A_protein/6sup_A_prod_R1_fit.xtc md_data/6sup_A_protein/6sup_A.pdb --include-hydrogens --threads=8 --precision=f32 --stride=1 --n-points=100 -o /var/folders/jd/5292ykl96gs7wwvtwny4rxdr0000gn/T/zsasa_jaarak7i.csv -q",
      "mean": 143.67837897398,
      "stddev": 0.2626263421054651,
      "median": 143.62341419598,
      "user": 1030.31302796,
      "system": 16.686467973333333,
      "min": 143.44758486298,
      "max": 143.96413786298,
      "times": [
        143.44758486298,
        143.62341419598,
        143.96413786298
      ],
      "memory_usage_byte": [
        332005376,
        332005376,
        332005376
      ],
      "exit_codes": [
        0,
        0,
        0
      ]
    }
  ]
}
