{
  "results": [
    {
      "command": "uv run --script /Users/nagaet/freesasa-zig/benchmarks/scripts/bench_md_runner.py --tool mdtraj --xtc md_data/6sup_A_protein/6sup_A_prod_R1_fit.xtc --pdb md_data/6sup_A_protein/6sup_A.pdb --n-points 100 --stride 1",
      "mean": 9148.599092606293,
      "stddev": 1.949267607418868,
      "median": 9148.11653973096,
      "user": 9119.501031653332,
      "system": 27.250273786666668,
      "min": 9146.936425439959,
      "max": 9150.74431264796,
      "times": [
        9150.74431264796,
        9146.936425439959,
        9148.11653973096
      ],
      "memory_usage_byte": [
        8125333504,
        8125333504,
        8125333504
      ],
      "exit_codes": [
        0,
        0,
        0
      ]
    }
  ]
}
