{
  "results": [
    {
      "command": "uv run --script /Users/nagaet/freesasa-zig/benchmarks/scripts/bench_md_runner.py --tool zsasa_mdtraj --xtc md_data/6sup_A_protein/6sup_A_prod_R1_fit.xtc --pdb md_data/6sup_A_protein/6sup_A.pdb --n-points 100 --stride 1 --threads 8",
      "mean": 153.67421627029333,
      "stddev": 0.3601001025917465,
      "median": 153.78861258996,
      "user": 1154.3728360799998,
      "system": 13.614134720000001,
      "min": 153.27081413096002,
      "max": 153.96322208996,
      "times": [
        153.96322208996,
        153.78861258996,
        153.27081413096002
      ],
      "memory_usage_byte": [
        10910973952,
        10915151872,
        10915151872
      ],
      "exit_codes": [
        0,
        0,
        0
      ]
    }
  ]
}
