{
  "results": [
    {
      "command": "uv run --script /Users/nagaet/freesasa-zig/benchmarks/scripts/bench_md_runner.py --tool zsasa_mdtraj --xtc md_data/6sup_A_protein/6sup_A_prod_R1_fit.xtc --pdb md_data/6sup_A_protein/6sup_A.pdb --n-points 100 --stride 1 --threads 1",
      "mean": 815.7208206193467,
      "stddev": 0.907003899023592,
      "median": 815.79565034168,
      "user": 804.3739220133333,
      "system": 10.72583196,
      "min": 814.77871992468,
      "max": 816.58809159168,
      "times": [
        816.58809159168,
        815.79565034168,
        814.77871992468
      ],
      "memory_usage_byte": [
        10844389376,
        10844389376,
        10844389376
      ],
      "exit_codes": [
        0,
        0,
        0
      ]
    }
  ]
}
