{
  "results": [
    {
      "command": "uv run --script /Users/nagaet/freesasa-zig/benchmarks/scripts/bench_md_runner.py --tool zsasa_mdanalysis --xtc md_data/6sup_A_protein/6sup_A_prod_R1_fit.xtc --pdb md_data/6sup_A_protein/6sup_A.pdb --n-points 100 --stride 1 --threads 10",
      "mean": 137.20633741138,
      "stddev": 2.39720136443173,
      "median": 136.07689588338,
      "user": 1210.952702953333,
      "system": 12.380851653333332,
      "min": 135.58248655038,
      "max": 139.95962980038,
      "times": [
        139.95962980038,
        135.58248655038,
        136.07689588338
      ],
      "memory_usage_byte": [
        5672960000,
        5672960000,
        5672960000
      ],
      "exit_codes": [
        0,
        0,
        0
      ]
    }
  ]
}
