{
  "results": [
    {
      "command": "/Users/nagaet/freesasa-zig/benchmarks/external/rustsasa-bench/target/release/rust-sasa UP000005640_9606_HUMAN_v6/pdb /var/folders/jd/5292ykl96gs7wwvtwny4rxdr0000gn/T/rustsasa_d3jktph3 --format json -t 10",
      "mean": 49.967158410673335,
      "stddev": 1.4058671738747524,
      "median": 49.17187443834,
      "user": 370.1834293266666,
      "system": 16.230565346666666,
      "min": 49.13919643834,
      "max": 51.59040435534,
      "times": [
        49.17187443834,
        49.13919643834,
        51.59040435534
      ],
      "memory_usage_byte": [
        341344256,
        341360640,
        341360640
      ],
      "exit_codes": [
        0,
        0,
        0
      ]
    }
  ]
}
