{
  "results": [
    {
      "command": "/Users/nagaet/freesasa-zig/zig-out/bin/zsasa UP000005640_9606_HUMAN_v6/pdb /var/folders/jd/5292ykl96gs7wwvtwny4rxdr0000gn/T/zsasa_f32_2fx1zmgq --threads=10 --parallelism=file --precision=f32",
      "mean": 40.51383281437333,
      "stddev": 0.36761583369092915,
      "median": 40.72052812004,
      "user": 294.6414961466666,
      "system": 9.979412206666666,
      "min": 40.08939453704,
      "max": 40.73157578604,
      "times": [
        40.08939453704,
        40.72052812004,
        40.73157578604
      ],
      "memory_usage_byte": [
        136675328,
        136675328,
        136675328
      ],
      "exit_codes": [
        0,
        0,
        0
      ]
    }
  ]
}
