{
  "results": [
    {
      "command": "/Users/nagaet/freesasa-zig/zig-out/bin/zsasa UP000005640_9606_HUMAN_v6/pdb /var/folders/jd/5292ykl96gs7wwvtwny4rxdr0000gn/T/zsasa_f64_3qqumlqx --threads=10 --parallelism=file --precision=f64",
      "mean": 42.244597158333335,
      "stddev": 0.005409091300353971,
      "median": 42.242575964,
      "user": 308.26394024666666,
      "system": 9.82153318,
      "min": 42.240489714,
      "max": 42.250725797,
      "times": [
        42.242575964,
        42.250725797,
        42.240489714
      ],
      "memory_usage_byte": [
        140197888,
        140197888,
        140197888
      ],
      "exit_codes": [
        0,
        0,
        0
      ]
    }
  ]
}
