{
  "results": [
    {
      "command": "/Users/nagaet/freesasa-zig/benchmarks/external/freesasa-batch/sasa_batch UP000005640_9606_HUMAN_v6/pdb /var/folders/jd/5292ykl96gs7wwvtwny4rxdr0000gn/T/freesasa_5ygkm_6u",
      "mean": 610.6928413572533,
      "stddev": 154.99214202761192,
      "median": 544.38430053792,
      "user": 429.5203988266667,
      "system": 31.00313501333333,
      "min": 499.88549482992,
      "max": 787.80872870392,
      "times": [
        499.88549482992,
        544.38430053792,
        787.80872870392
      ],
      "memory_usage_byte": [
        358400000,
        376045568,
        376045568
      ],
      "exit_codes": [
        0,
        0,
        0
      ]
    }
  ]
}
