{
  "results": [
    {
      "command": "/Users/nagaet/freesasa-zig/benchmarks/external/rustsasa-bench/target/release/rust-sasa UP000005640_9606_HUMAN_v6/pdb /var/folders/jd/5292ykl96gs7wwvtwny4rxdr0000gn/T/rustsasa_d3jktph3 --format json -t 1",
      "mean": 403.21776772517995,
      "stddev": 180.78935830503107,
      "median": 303.93744315517995,
      "user": 260.11739792,
      "system": 8.086178233333333,
      "min": 293.82222665617996,
      "max": 611.89363336418,
      "times": [
        611.89363336418,
        303.93744315517995,
        293.82222665617996
      ],
      "memory_usage_byte": [
        93454336,
        93454336,
        93454336
      ],
      "exit_codes": [
        0,
        0,
        0
      ]
    }
  ]
}
