{
  "results": [
    {
      "command": "/Users/nagaet/freesasa-zig/zig-out/bin/zsasa UP000005640_9606_HUMAN_v6/pdb /var/folders/jd/5292ykl96gs7wwvtwny4rxdr0000gn/T/zsasa_f32_2fx1zmgq --threads=1 --precision=f32",
      "mean": 375.0858950121533,
      "stddev": 111.03510435342157,
      "median": 419.66161476182,
      "user": 217.49973250000002,
      "system": 6.438094386666666,
      "min": 248.68968626282,
      "max": 456.90638401181997,
      "times": [
        456.90638401181997,
        248.68968626282,
        419.66161476182
      ],
      "memory_usage_byte": [
        18907136,
        18907136,
        18907136
      ],
      "exit_codes": [
        0,
        0,
        0
      ]
    }
  ]
}
