{
  "results": [
    {
      "command": "/Users/nagaet/freesasa-zig/zig-out/bin/zsasa UP000005640_9606_HUMAN_v6/pdb /var/folders/jd/5292ykl96gs7wwvtwny4rxdr0000gn/T/zsasa_f64_3qqumlqx --threads=8 --parallelism=file --precision=f64",
      "mean": 44.832539429060006,
      "stddev": 0.07313176534791996,
      "median": 44.87155945706,
      "user": 287.84295589999994,
      "system": 11.218781806666668,
      "min": 44.74817316506,
      "max": 44.877885665060006,
      "times": [
        44.74817316506,
        44.87155945706,
        44.877885665060006
      ],
      "memory_usage_byte": [
        112934912,
        113393664,
        113393664
      ],
      "exit_codes": [
        0,
        0,
        0
      ]
    }
  ]
}
