{
  "results": [
    {
      "command": "/Users/nagaet/freesasa-zig/zig-out/bin/zsasa traj md_data/6sup_A_analysis/6sup_A_R1.xtc md_data/6sup_A_analysis/6sup_A.pdb --include-hydrogens --threads=1 --precision=f32 --stride=1 --n-points=100 -o /var/folders/jd/5292ykl96gs7wwvtwny4rxdr0000gn/T/zsasa_3lnkpfj3.csv -q",
      "mean": 77.26784884386667,
      "stddev": 0.28547286598164023,
      "median": 77.3511618852,
      "user": 75.9324467,
      "system": 1.3255950266666667,
      "min": 76.94998776119999,
      "max": 77.5023968852,
      "times": [
        76.94998776119999,
        77.3511618852,
        77.5023968852
      ],
      "memory_usage_byte": [
        33947648,
        33947648,
        33947648
      ],
      "exit_codes": [
        0,
        0,
        0
      ]
    }
  ]
}
