{
  "results": [
    {
      "command": "uv run --script /Users/nagaet/freesasa-zig/benchmarks/scripts/bench_md_runner.py --tool zsasa_mdanalysis --xtc md_data/6sup_A_analysis/6sup_A_R1.xtc --pdb md_data/6sup_A_analysis/6sup_A.pdb --n-points 100 --stride 1 --threads 8",
      "mean": 15.82342184342,
      "stddev": 0.08733875129168149,
      "median": 15.77495573242,
      "user": 113.12834308666667,
      "system": 1.1838438333333334,
      "min": 15.77106289842,
      "max": 15.92424689942,
      "times": [
        15.77106289842,
        15.92424689942,
        15.77495573242
      ],
      "memory_usage_byte": [
        804585472,
        804585472,
        804585472
      ],
      "exit_codes": [
        0,
        0,
        0
      ]
    }
  ]
}
