{
  "results": [
    {
      "command": "uv run --script /Users/nagaet/freesasa-zig/benchmarks/scripts/bench_md_runner.py --tool zsasa_mdtraj --xtc md_data/6sup_A_analysis/6sup_A_R1.xtc --pdb md_data/6sup_A_analysis/6sup_A.pdb --n-points 100 --stride 1 --threads 1",
      "mean": 81.68806297399999,
      "stddev": 0.02560941583452,
      "median": 81.693645335,
      "user": 80.64983883999999,
      "system": 0.9248926266666665,
      "min": 81.660122835,
      "max": 81.71042075199999,
      "times": [
        81.71042075199999,
        81.660122835,
        81.693645335
      ],
      "memory_usage_byte": [
        1200373760,
        1200373760,
        1200373760
      ],
      "exit_codes": [
        0,
        0,
        0
      ]
    }
  ]
}
