{
  "results": [
    {
      "command": "uv run --script /Users/nagaet/freesasa-zig/benchmarks/scripts/bench_md_runner.py --tool zsasa_mdanalysis --xtc md_data/6sup_A_analysis/6sup_A_R1.xtc --pdb md_data/6sup_A_analysis/6sup_A.pdb --n-points 100 --stride 1 --threads 10",
      "mean": 14.088720588626666,
      "stddev": 0.06857459749403556,
      "median": 14.07194219996,
      "user": 120.35575507333334,
      "system": 1.28085946,
      "min": 14.03009232496,
      "max": 14.16412724096,
      "times": [
        14.03009232496,
        14.07194219996,
        14.16412724096
      ],
      "memory_usage_byte": [
        847052800,
        847052800,
        847052800
      ],
      "exit_codes": [
        0,
        0,
        0
      ]
    }
  ]
}
