{
  "results": [
    {
      "command": "/Users/nagaet/freesasa-zig/zig-out/bin/zsasa traj md_data/6sup_A_analysis/6sup_A_R1.xtc md_data/6sup_A_analysis/6sup_A.pdb --include-hydrogens --threads=1 --precision=f64 --stride=1 --n-points=100 -o /var/folders/jd/5292ykl96gs7wwvtwny4rxdr0000gn/T/zsasa_q7p6rj9p.csv -q",
      "mean": 79.68383529421334,
      "stddev": 0.005616901197961912,
      "median": 79.68466108588001,
      "user": 78.30627232666666,
      "system": 1.37241648,
      "min": 79.67785121088001,
      "max": 79.68899358588,
      "times": [
        79.68899358588,
        79.68466108588001,
        79.67785121088001
      ],
      "memory_usage_byte": [
        34340864,
        34340864,
        34340864
      ],
      "exit_codes": [
        0,
        0,
        0
      ]
    }
  ]
}
