{
  "results": [
    {
      "command": "uv run --script /Users/nagaet/freesasa-zig/benchmarks/scripts/bench_md_runner.py --tool zsasa_mdtraj --xtc md_data/3tvj_I_analysis/3tvj_I_R1.xtc --pdb md_data/3tvj_I_analysis/3tvj_I.pdb --n-points 100 --stride 1 --threads 1",
      "mean": 1.14675987356,
      "stddev": 0.03347827019544116,
      "median": 1.12924438756,
      "user": 1.0801805199999999,
      "system": 0.025811246666666666,
      "min": 1.12567301256,
      "max": 1.18536222056,
      "times": [
        1.12567301256,
        1.18536222056,
        1.12924438756
      ],
      "memory_usage_byte": [
        78053376,
        78053376,
        78053376
      ],
      "exit_codes": [
        0,
        0,
        0
      ]
    }
  ]
}
