{
  "results": [
    {
      "command": "uv run --script /Users/nagaet/freesasa-zig/benchmarks/scripts/bench_md_runner.py --tool zsasa_mdanalysis --xtc md_data/3tvj_I_analysis/3tvj_I_R1.xtc --pdb md_data/3tvj_I_analysis/3tvj_I.pdb --n-points 100 --stride 1 --threads 1",
      "mean": 1.4567740748533333,
      "stddev": 0.008859831126892143,
      "median": 1.45900060252,
      "user": 1.2082720266666667,
      "system": 0.05768522,
      "min": 1.44701335252,
      "max": 1.46430826952,
      "times": [
        1.46430826952,
        1.44701335252,
        1.45900060252
      ],
      "memory_usage_byte": [
        94273536,
        94273536,
        94273536
      ],
      "exit_codes": [
        0,
        0,
        0
      ]
    }
  ]
}
