{
  "results": [
    {
      "command": "uv run --script /Users/nagaet/freesasa-zig/benchmarks/scripts/bench_md_runner.py --tool zsasa_mdanalysis --xtc md_data/3tvj_I_analysis/3tvj_I_R1.xtc --pdb md_data/3tvj_I_analysis/3tvj_I.pdb --n-points 100 --stride 1 --threads 10",
      "mean": 0.6545606509866667,
      "stddev": 0.023353109702613405,
      "median": 0.6415779703200001,
      "user": 1.67492782,
      "system": 0.05569190666666666,
      "min": 0.6405835953200001,
      "max": 0.6815203873200001,
      "times": [
        0.6415779703200001,
        0.6405835953200001,
        0.6815203873200001
      ],
      "memory_usage_byte": [
        93536256,
        94404608,
        94961664
      ],
      "exit_codes": [
        0,
        0,
        0
      ]
    }
  ]
}
