{
  "results": [
    {
      "command": "/Users/nagaet/freesasa-zig/zig-out/bin/zsasa traj md_data/3tvj_I_analysis/3tvj_I_R1.xtc md_data/3tvj_I_analysis/3tvj_I.pdb --include-hydrogens --threads=8 --precision=f32 --stride=1 --n-points=100 -o /var/folders/jd/5292ykl96gs7wwvtwny4rxdr0000gn/T/zsasa_ntb7j9cw.csv -q",
      "mean": 0.46243038150666665,
      "stddev": 0.00030587479635681966,
      "median": 0.46227981184,
      "user": 1.2392905666666667,
      "system": 0.27788646,
      "min": 0.46222897884,
      "max": 0.46278235384,
      "times": [
        0.46227981184,
        0.46222897884,
        0.46278235384
      ],
      "memory_usage_byte": [
        2916352,
        2916352,
        2916352
      ],
      "exit_codes": [
        0,
        0,
        0
      ]
    }
  ]
}
