{
  "results": [
    {
      "command": "uv run --script /Users/nagaet/freesasa-zig/benchmarks/scripts/bench_md_runner.py --tool mdtraj --xtc md_data/3tvj_I_analysis/3tvj_I_R1.xtc --pdb md_data/3tvj_I_analysis/3tvj_I.pdb --n-points 100 --stride 1",
      "mean": 1.8931253201533336,
      "stddev": 0.007798103627921998,
      "median": 1.8906709588200001,
      "user": 1.7738949666666664,
      "system": 0.02979134,
      "min": 1.8868496678200002,
      "max": 1.9018553338200002,
      "times": [
        1.8868496678200002,
        1.8906709588200001,
        1.9018553338200002
      ],
      "memory_usage_byte": [
        64733184,
        64733184,
        64733184
      ],
      "exit_codes": [
        0,
        0,
        0
      ]
    }
  ]
}
