{
  "results": [
    {
      "command": "uv run --script /Users/nagaet/freesasa-zig/benchmarks/scripts/bench_md_runner.py --tool mdsasa_bolt --xtc md_data/3tvj_I_analysis/3tvj_I_R1.xtc --pdb md_data/3tvj_I_analysis/3tvj_I.pdb --n-points 100 --stride 1",
      "mean": 0.9241412937866667,
      "stddev": 0.0133680334905681,
      "median": 0.93059468312,
      "user": 2.1308523133333335,
      "system": 0.06683990666666666,
      "min": 0.90877089112,
      "max": 0.93305830712,
      "times": [
        0.90877089112,
        0.93059468312,
        0.93305830712
      ],
      "memory_usage_byte": [
        270221312,
        271417344,
        271417344
      ],
      "exit_codes": [
        0,
        0,
        0
      ]
    }
  ]
}
