{
  "results": [
    {
      "command": "/Users/nagaet/freesasa-zig/zig-out/bin/zsasa benchmarks/swissprot_pdb_v6 /Users/nagaet/freesasa-zig/benchmarks/results/batch/swissprot/temp_out/zig_f64 --threads=10 --parallelism=file --precision=f64",
      "mean": 1363.6565962084667,
      "stddev": 8.389899258552187,
      "median": 1364.9692511108,
      "user": 3321.2075869533332,
      "system": 153.66460179999999,
      "min": 1354.6877413198001,
      "max": 1371.3127961948,
      "times": [
        1371.3127961948,
        1364.9692511108,
        1354.6877413198001
      ],
      "memory_usage_byte": [
        221872128,
        221872128,
        221872128
      ],
      "exit_codes": [
        0,
        0,
        0
      ]
    }
  ]
}
