{
  "results": [
    {
      "command": "/Users/nagaet/freesasa-zig/zig-out/bin/zsasa swissprot_pdb_v6 /var/folders/jd/5292ykl96gs7wwvtwny4rxdr0000gn/T/zsasa_f64_gg3sar2z --threads=8 --parallelism=file --precision=f64",
      "mean": 1423.700335740247,
      "stddev": 2.601009249640824,
      "median": 1424.7510032125801,
      "user": 3212.0000949466666,
      "system": 148.54402039333334,
      "min": 1420.73833983758,
      "max": 1425.61166417058,
      "times": [
        1424.7510032125801,
        1425.61166417058,
        1420.73833983758
      ],
      "memory_usage_byte": [
        194035712,
        194035712,
        194035712
      ],
      "exit_codes": [
        0,
        0,
        0
      ]
    }
  ]
}
