{
  "results": [
    {
      "command": "/Users/nagaet/freesasa-zig/benchmarks/external/rustsasa-bench/target/release/rust-sasa swissprot_pdb_v6 /var/folders/jd/5292ykl96gs7wwvtwny4rxdr0000gn/T/rustsasa_ap9xo400 --format json -t 10",
      "mean": 1451.3665685257001,
      "stddev": 6.544148166156638,
      "median": 1450.7945531507,
      "user": 4143.615790619999,
      "system": 291.5963074666666,
      "min": 1445.1272046507,
      "max": 1458.1779477757,
      "times": [
        1450.7945531507,
        1445.1272046507,
        1458.1779477757
      ],
      "memory_usage_byte": [
        1186168832,
        1186168832,
        1186185216
      ],
      "exit_codes": [
        0,
        0,
        0
      ]
    }
  ]
}
