{
  "results": [
    {
      "command": "/Users/nagaet/freesasa-zig/zig-out/bin/zsasa swissprot_pdb_v6 /var/folders/jd/5292ykl96gs7wwvtwny4rxdr0000gn/T/zsasa_f32_ir7mcznr --threads=8 --parallelism=file --precision=f32",
      "mean": 1439.1941333319335,
      "stddev": 13.975917938298515,
      "median": 1446.2742708176002,
      "user": 3163.3220487599997,
      "system": 148.30553813999998,
      "min": 1423.0950032346,
      "max": 1448.2131259436,
      "times": [
        1446.2742708176002,
        1448.2131259436,
        1423.0950032346
      ],
      "memory_usage_byte": [
        191168512,
        191168512,
        191168512
      ],
      "exit_codes": [
        0,
        0,
        0
      ]
    }
  ]
}
