{
  "results": [
    {
      "command": "/Users/nagaet/freesasa-zig/zig-out/bin/zsasa swissprot_pdb_v6 /var/folders/jd/5292ykl96gs7wwvtwny4rxdr0000gn/T/zsasa_f64_gg3sar2z --threads=10 --parallelism=file --precision=f64",
      "mean": 1339.4108238769802,
      "stddev": 17.995480724471946,
      "median": 1334.00983598798,
      "user": 3338.7266010866665,
      "system": 164.21824775333332,
      "min": 1324.73434098798,
      "max": 1359.48829465498,
      "times": [
        1324.73434098798,
        1359.48829465498,
        1334.00983598798
      ],
      "memory_usage_byte": [
        221609984,
        221954048,
        221954048
      ],
      "exit_codes": [
        0,
        0,
        0
      ]
    }
  ]
}
