{
  "results": [
    {
      "command": "/Users/nagaet/freesasa-zig/zig-out/bin/zsasa UP000000625_83333_ECOLI_v6/pdb /var/folders/jd/5292ykl96gs7wwvtwny4rxdr0000gn/T/zsasa_f64__o4thzj8 --threads=8 --parallelism=file --precision=f64",
      "mean": 4.416515985880001,
      "stddev": 0.0431856173711308,
      "median": 4.420743119480001,
      "user": 28.048840079999998,
      "system": 1.0661282599999997,
      "min": 4.364172577480001,
      "max": 4.479065327480001,
      "times": [
        4.427815827480001,
        4.479065327480001,
        4.364172577480001,
        4.39078307748,
        4.420743119480001
      ],
      "memory_usage_byte": [
        65732608,
        66027520,
        66027520,
        66994176,
        66994176
      ],
      "exit_codes": [
        0,
        0,
        0,
        0,
        0
      ]
    }
  ]
}
