{
  "results": [
    {
      "command": "/Users/nagaet/freesasa-zig/zig-out/bin/zsasa UP000000625_83333_ECOLI_v6/pdb /var/folders/jd/5292ykl96gs7wwvtwny4rxdr0000gn/T/zsasa_f32_oapg3ved --threads=8 --parallelism=file --precision=f32",
      "mean": 4.399145326,
      "stddev": 0.0257419022766831,
      "median": 4.4051499508,
      "user": 27.397094599999996,
      "system": 1.1065021799999997,
      "min": 4.3545344098,
      "max": 4.4169461588,
      "times": [
        4.4162967428,
        4.4169461588,
        4.3545344098,
        4.4051499508,
        4.4027993678
      ],
      "memory_usage_byte": [
        63717376,
        63717376,
        63717376,
        65126400,
        65126400
      ],
      "exit_codes": [
        0,
        0,
        0,
        0,
        0
      ]
    }
  ]
}
