{
  "results": [
    {
      "command": "/Users/nagaet/freesasa-zig/benchmarks/external/rustsasa-bench/target/release/rust-sasa UP000000625_83333_ECOLI_v6/pdb /var/folders/jd/5292ykl96gs7wwvtwny4rxdr0000gn/T/rustsasa_2361xc3e --format json -t 8",
      "mean": 5.270688306239999,
      "stddev": 0.100442009999898,
      "median": 5.23987901464,
      "user": 34.370066980000004,
      "system": 1.37570138,
      "min": 5.18120163964,
      "max": 5.43859455664,
      "times": [
        5.23987901464,
        5.2790657226399995,
        5.18120163964,
        5.214700597639999,
        5.43859455664
      ],
      "memory_usage_byte": [
        151699456,
        151699456,
        151699456,
        151699456,
        151699456
      ],
      "exit_codes": [
        0,
        0,
        0,
        0,
        0
      ]
    }
  ]
}
