{
  "results": [
    {
      "command": "/Users/nagaet/freesasa-zig/zig-out/bin/zsasa UP000000625_83333_ECOLI_v6/pdb /var/folders/jd/5292ykl96gs7wwvtwny4rxdr0000gn/T/zsasa_f64__o4thzj8 --threads=1 --precision=f64",
      "mean": 24.12735742982,
      "stddev": 0.11296137839143566,
      "median": 24.14127566382,
      "user": 19.96589478,
      "system": 0.57681158,
      "min": 23.940950204820002,
      "max": 24.22781241282,
      "times": [
        23.940950204820002,
        24.14127566382,
        24.12205816282,
        24.204690704820003,
        24.22781241282
      ],
      "memory_usage_byte": [
        13713408,
        13713408,
        13713408,
        13713408,
        13713408
      ],
      "exit_codes": [
        0,
        0,
        0,
        0,
        0
      ]
    }
  ]
}
