{
  "results": [
    {
      "command": "/Users/nagaet/freesasa-zig/zig-out/bin/zsasa UP000000625_83333_ECOLI_v6/pdb /var/folders/jd/5292ykl96gs7wwvtwny4rxdr0000gn/T/zsasa_f64__o4thzj8 --threads=10 --parallelism=file --precision=f64",
      "mean": 4.18392640636,
      "stddev": 0.2550243868431306,
      "median": 4.1757285059600004,
      "user": 29.03257488,
      "system": 1.10492576,
      "min": 3.8918529229599996,
      "max": 4.577312714960001,
      "times": [
        4.1757285059600004,
        4.04880358996,
        3.8918529229599996,
        4.22593429796,
        4.577312714960001
      ],
      "memory_usage_byte": [
        79495168,
        79495168,
        79495168,
        79495168,
        79495168
      ],
      "exit_codes": [
        0,
        0,
        0,
        0,
        0
      ]
    }
  ]
}
