{
  "results": [
    {
      "command": "/Users/nagaet/freesasa-zig/zig-out/bin/zsasa UP000000625_83333_ECOLI_v6/pdb /var/folders/jd/5292ykl96gs7wwvtwny4rxdr0000gn/T/zsasa_f32_oapg3ved --threads=1 --precision=f32",
      "mean": 24.27239830326,
      "stddev": 0.05279312132051312,
      "median": 24.26107621106,
      "user": 19.950871080000002,
      "system": 0.6110515,
      "min": 24.20323742006,
      "max": 24.33281883706,
      "times": [
        24.26107621106,
        24.31696317006,
        24.24789587806,
        24.33281883706,
        24.20323742006
      ],
      "memory_usage_byte": [
        13500416,
        13500416,
        13500416,
        13500416,
        13500416
      ],
      "exit_codes": [
        0,
        0,
        0,
        0,
        0
      ]
    }
  ]
}
