{
  "results": [
    {
      "command": "/Users/nagaet/freesasa-zig/benchmarks/external/freesasa-batch/sasa_batch UP000000625_83333_ECOLI_v6/pdb /var/folders/jd/5292ykl96gs7wwvtwny4rxdr0000gn/T/freesasa_njg0acwf",
      "mean": 52.23653054902,
      "stddev": 18.275992265422037,
      "median": 44.24881670702,
      "user": 39.726536020000005,
      "system": 2.15771534,
      "min": 43.56264066602,
      "max": 84.92548499902,
      "times": [
        84.92548499902,
        43.56264066602,
        44.25372874902,
        44.24881670702,
        44.19198162402
      ],
      "memory_usage_byte": [
        158580736,
        161333248,
        161333248,
        161333248,
        161333248
      ],
      "exit_codes": [
        0,
        0,
        0,
        0,
        0
      ]
    }
  ]
}
