{
  "results": [
    {
      "command": "/Users/nagaet/freesasa-zig/benchmarks/external/rustsasa-bench/target/release/rust-sasa UP000000625_83333_ECOLI_v6/pdb /var/folders/jd/5292ykl96gs7wwvtwny4rxdr0000gn/T/rustsasa_2361xc3e --format json -t 10",
      "mean": 5.01577337746,
      "stddev": 0.04269354952483653,
      "median": 5.01472425226,
      "user": 35.4523349,
      "system": 1.42297626,
      "min": 4.95776458626,
      "max": 5.059048627259999,
      "times": [
        5.059048627259999,
        5.01472425226,
        4.99262004426,
        5.05470937726,
        4.95776458626
      ],
      "memory_usage_byte": [
        179929088,
        179929088,
        179929088,
        179929088,
        179929088
      ],
      "exit_codes": [
        0,
        0,
        0,
        0,
        0
      ]
    }
  ]
}
