{
  "results": [
    {
      "command": "/Users/nagaet/freesasa-zig/benchmarks/external/rustsasa-bench/target/release/rust-sasa UP000000625_83333_ECOLI_v6/pdb /var/folders/jd/5292ykl96gs7wwvtwny4rxdr0000gn/T/rustsasa_2361xc3e --format json -t 1",
      "mean": 28.7781584351,
      "stddev": 0.05905887396258089,
      "median": 28.764708401300002,
      "user": 24.494350419999996,
      "system": 0.6429246,
      "min": 28.719898777300003,
      "max": 28.877613526300003,
      "times": [
        28.7713741933,
        28.719898777300003,
        28.7571972773,
        28.877613526300003,
        28.764708401300002
      ],
      "memory_usage_byte": [
        40845312,
        40845312,
        40845312,
        40845312,
        40845312
      ],
      "exit_codes": [
        0,
        0,
        0,
        0,
        0
      ]
    }
  ]
}
