{
  "results": [
    {
      "command": "cd /var/folders/mp/_dxm52c52pnd57ddbgnw1pdh0000gp/T/lahuta_gfupcnwp && /Users/nagaet/zsasa/benchmarks/external/bin/lahuta sasa-sr -d /Users/nagaet/pdb/afdb/swissprot_pdb_v6 --is_af2_model --points 128 -t 10 --progress 0 -o /var/folders/mp/_dxm52c52pnd57ddbgnw1pdh0000gp/T/lahuta_gfupcnwp/sasa.jsonl",
      "mean": 994.1021722105133,
      "stddev": 2.5090536900214486,
      "median": 992.74921662718,
      "user": 8919.372528593334,
      "system": 406.4512356733333,
      "min": 992.55998287718,
      "max": 996.9973171271799,
      "times": [
        996.9973171271799,
        992.74921662718,
        992.55998287718
      ],
      "memory_usage_byte": [
        1964359680,
        1964359680,
        1964359680
      ],
      "exit_codes": [
        0,
        0,
        0
      ]
    }
  ]
}
