{
  "results": [
    {
      "command": "/Users/nagaet/zsasa/benchmarks/external/bin/freesasa_batch /Users/nagaet/pdb/afdb/swissprot_pdb_v6 /var/folders/mp/_dxm52c52pnd57ddbgnw1pdh0000gp/T/freesasa_mc9z9hsc --n-threads=10 --n-points=128",
      "mean": 1940.6797327671732,
      "stddev": 8.95387673506924,
      "median": 1937.9557976838398,
      "user": 12410.421824806668,
      "system": 5901.481244626666,
      "min": 1933.4041635168398,
      "max": 1950.6792371008398,
      "times": [
        1933.4041635168398,
        1937.9557976838398,
        1950.6792371008398
      ],
      "memory_usage_byte": [
        2704146432,
        2704146432,
        3014770688
      ],
      "exit_codes": [
        0,
        0,
        0
      ]
    }
  ]
}
