{
  "results": [
    {
      "command": "/Users/nagaet/zsasa/benchmarks/external/bin/zsasa batch /Users/nagaet/pdb/afdb/swissprot_pdb_v6 --format=jsonl -o /var/folders/mp/_dxm52c52pnd57ddbgnw1pdh0000gp/T/zsasa_f32_5u6qcwgp/sasa.jsonl --threads=10 --precision=f32 --n-points=128",
      "mean": 639.0908437041,
      "stddev": 0.5666672736736575,
      "median": 638.9330990371001,
      "user": 5446.615070159999,
      "system": 206.98957293333333,
      "min": 638.6197621631001,
      "max": 639.7196699121,
      "times": [
        638.6197621631001,
        638.9330990371001,
        639.7196699121
      ],
      "memory_usage_byte": [
        160284672,
        160284672,
        161071104
      ],
      "exit_codes": [
        0,
        0,
        0
      ]
    }
  ]
}
