{
  "results": [
    {
      "command": "/Users/nagaet/zsasa/benchmarks/external/bin/rust-sasa /Users/nagaet/pdb/afdb/swissprot_pdb_v6 /var/folders/mp/_dxm52c52pnd57ddbgnw1pdh0000gp/T/rustsasa_wbo4g5tm --format json -t 10 -n 128",
      "mean": 658.4640893503666,
      "stddev": 1.2999646526864048,
      "median": 658.6249008507,
      "user": 5410.320551186666,
      "system": 327.7360811666667,
      "min": 657.0912003917,
      "max": 659.6761668087,
      "times": [
        658.6249008507,
        657.0912003917,
        659.6761668087
      ],
      "memory_usage_byte": [
        1186152448,
        1186152448,
        1186152448
      ],
      "exit_codes": [
        0,
        0,
        0
      ]
    }
  ]
}
