{
  "results": [
    {
      "command": "/Users/nagaet/zsasa/benchmarks/external/bin/zsasa batch /Users/nagaet/pdb/afdb/swissprot_pdb_v6 --format=jsonl -o /var/folders/mp/_dxm52c52pnd57ddbgnw1pdh0000gp/T/zsasa_f64_85jyisnp/sasa.jsonl --threads=10 --precision=f64 --n-points=128 --use-bitmask",
      "mean": 246.83982531212664,
      "stddev": 1.4852220829249596,
      "median": 247.21631247846,
      "user": 1708.68286532,
      "system": 119.04105916666667,
      "min": 245.20258977045998,
      "max": 248.10057368745998,
      "times": [
        247.21631247846,
        245.20258977045998,
        248.10057368745998
      ],
      "memory_usage_byte": [
        169213952,
        169754624,
        169869312
      ],
      "exit_codes": [
        0,
        0,
        0
      ]
    }
  ]
}
